<eagle version="6.1"><drawing><settings><setting alwaysvectorfont="no" verticaltext="up"/></settings><grid distance="0.1" unitdist="inch" unit="inch" style="lines" multiple="1" display="no" altdistance="0.01" altunitdist="inch" altunit="inch"/><layers><layer number="91" name="Nets" color="2" fill="1" visible="yes" active="yes"/><layer number="92" name="Busses" color="1" fill="1" visible="yes" active="yes"/><layer number="93" name="Pins" color="2" fill="1" visible="no" active="yes"/><layer number="94" name="Symbols" color="4" fill="1" visible="yes" active="yes"/><layer number="95" name="Names" color="7" fill="1" visible="yes" active="yes"/><layer number="96" name="Values" color="7" fill="1" visible="yes" active="yes"/><layer number="97" name="Info" color="7" fill="1" visible="yes" active="yes"/><layer number="98" name="Guide" color="6" fill="1" visible="yes" active="yes"/></layers><schematic><libraries><library name="AcceleratedDesigns_Lib"><packages><package name="0603"><pad name="1" drill="0" y="0" x="-0.6985"/><pad name="2" drill="0" y="0" x="0.6985"/></package><package name="1210"><pad name="1" drill="0" y="0" x="-1.4986"/><pad name="2" drill="0" y="0" x="1.4986"/></package><package name="0805"><pad name="1" drill="0" y="0" x="-0.9017"/><pad name="2" drill="0" y="0" x="0.9017"/></package><package name="PowerDI123"><pad name="1" drill="0" y="0" x="-1.0033"/><pad name="2" drill="0" y="0" x="1.7272"/></package><package name="ME3220"><pad name="1" drill="0" y="0" x="-1.143"/><pad name="2" drill="0" y="0" x="1.143"/></package><package name="0402"><pad name="1" drill="0" y="0" x="-0.4191"/><pad name="2" drill="0" y="0" x="0.4191"/></package><package name="DDC0006A"><pad name="1" drill="0" y="0.95" x="-1.1684"/><pad name="2" drill="0" y="0" x="-1.1684"/><pad name="3" drill="0" y="-0.95" x="-1.1684"/><pad name="4" drill="0" y="-0.95" x="1.1684"/><pad name="5" drill="0" y="0" x="1.1684"/><pad name="6" drill="0" y="0.95" x="1.1684"/></package><package name="WB_GND"><pad name="1" drill="0" y="0" x="0"/></package><package name="WB_BATTERY"><pad name="1" drill="0" y="0" x="0"/><pad name="2" drill="0" y="0" x="0"/></package><package name="WB_CURRENT_LOAD"><pad name="1" drill="0" y="0" x="0"/><pad name="2" drill="0" y="0" x="0"/></package></packages><symbols><symbol name="GRM188R72A104KA35D@1"><pin name="1@1" x="7.62" y="0" rot="MR0" direction="pas" length="short" visible="off" swaplevel="0"/><pin name="2@2" x="-7.62" y="0" rot="MR180" direction="pas" length="short" visible="off" swaplevel="0"/><wire x1="7.62" y1="0" x2="5.08" y2="0" width="0.1524" layer="94"/><wire x1="-7.62" y1="0" x2="-5.08" y2="0" width="0.1524" layer="94"/><wire x1="0.762" y1="-3.048" x2="0.762" y2="3.048" width="0.1524" layer="94"/><wire x1="-5.08" y1="0" x2="-0.762" y2="0" width="0.1524" layer="94"/><wire x1="0.762" y1="0" x2="5.08" y2="0" width="0.1524" layer="94"/><wire x1="-0.762" y1="-3.048" x2="-0.762" y2="3.048" width="0.1524" layer="94"/><text size="2" x="0" y="7.62" layer="95" align="center">&gt;NAME</text><text size="2" x="0" y="5.08" layer="96" align="center">&gt;VALUE</text></symbol><symbol name="C3225X7R2A225K230AB@1"><pin name="1@1" x="7.62" y="0" rot="MR0" direction="pas" length="short" visible="off" swaplevel="0"/><pin name="2@2" x="-7.62" y="0" rot="MR180" direction="pas" length="short" visible="off" swaplevel="0"/><wire x1="7.62" y1="0" x2="5.08" y2="0" width="0.1524" layer="94"/><wire x1="-7.62" y1="0" x2="-5.08" y2="0" width="0.1524" layer="94"/><wire x1="0.762" y1="-3.048" x2="0.762" y2="3.048" width="0.1524" layer="94"/><wire x1="-5.08" y1="0" x2="-0.762" y2="0" width="0.1524" layer="94"/><wire x1="0.762" y1="0" x2="5.08" y2="0" width="0.1524" layer="94"/><wire x1="-0.762" y1="-3.048" x2="-0.762" y2="3.048" width="0.1524" layer="94"/><text size="2" x="0" y="7.62" layer="95" align="center">&gt;NAME</text><text size="2" x="0" y="5.08" layer="96" align="center">&gt;VALUE</text></symbol><symbol name="GRM21BR61E475MA12L@1"><pin name="1@1" x="7.62" y="0" rot="MR0" direction="pas" length="short" visible="off" swaplevel="0"/><pin name="2@2" x="-7.62" y="0" rot="MR180" direction="pas" length="short" visible="off" swaplevel="0"/><wire x1="7.62" y1="0" x2="5.08" y2="0" width="0.1524" layer="94"/><wire x1="-7.62" y1="0" x2="-5.08" y2="0" width="0.1524" layer="94"/><wire x1="0.762" y1="-3.048" x2="0.762" y2="3.048" width="0.1524" layer="94"/><wire x1="-5.08" y1="0" x2="-0.762" y2="0" width="0.1524" layer="94"/><wire x1="0.762" y1="0" x2="5.08" y2="0" width="0.1524" layer="94"/><wire x1="-0.762" y1="-3.048" x2="-0.762" y2="3.048" width="0.1524" layer="94"/><text size="2" x="0" y="7.62" layer="95" align="center">&gt;NAME</text><text size="2" x="0" y="5.08" layer="96" align="center">&gt;VALUE</text></symbol><symbol name="DFLS1100-7@1"><pin name="A@1" x="7.62" y="0" rot="MR0" direction="pas" length="short" visible="off" swaplevel="0"/><pin name="K@2" x="-7.62" y="0" rot="MR180" direction="pas" length="short" visible="off" swaplevel="0"/><wire x1="-7.62" y1="0" x2="7.62" y2="0" width="0.1524" layer="94"/><polygon width="0.1524" layer="94"><vertex x="2.032" y="2.54"/><vertex x="-2.032" y="0"/><vertex x="2.032" y="-2.54"/></polygon><wire x1="-2.794" y1="2.032" x2="-2.794" y2="2.54" width="0.1524" layer="94"/><wire x1="-2.794" y1="2.54" x2="-2.032" y2="2.54" width="0.1524" layer="94"/><wire x1="-2.032" y1="2.54" x2="-2.032" y2="-2.54" width="0.1524" layer="94"/><wire x1="-2.032" y1="-2.54" x2="-1.27" y2="-2.54" width="0.1524" layer="94"/><wire x1="-1.27" y1="-2.54" x2="-1.27" y2="-2.032" width="0.1524" layer="94"/><text size="2" x="0" y="10.16" layer="95" align="center">&gt;NAME</text><text size="2" x="0" y="7.62" layer="96" align="center">&gt;VALUE</text></symbol><symbol name="WB_GND@1"><pin name="1@1" x="0" y="2.54" rot="MR270" direction="pas" length="short" visible="off" swaplevel="0"/><wire x1="0" y1="2.54" x2="0" y2="0" width="0.1524" layer="94"/><wire x1="-3.302" y1="0" x2="3.302" y2="0" width="0.1524" layer="94"/><wire x1="-2.286" y1="-1.016" x2="2.286" y2="-1.016" width="0.1524" layer="94"/><wire x1="-0.762" y1="-2.032" x2="0.762" y2="-2.032" width="0.1524" layer="94"/></symbol><symbol name="ME3220-823KLB@1"><pin name="2@2" x="7.62" y="0" rot="MR0" direction="pas" length="short" visible="off" swaplevel="0"/><pin name="1@1" x="-7.62" y="0" rot="MR180" direction="pas" length="short" visible="off" swaplevel="0"/><wire cap="round" x1="2.70086965376353" y1="0.835686125023295" x2="2.5488127292636" y2="-6.24799789495706E-04" layer="94" curve="12.47546" width="0.1524"/><wire cap="round" x1="3.80990829544782" y1="1.85597139451402" x2="2.69064524918793" y2="0.838459388755286" layer="94" curve="78.62357" width="0.1524"/><wire cap="round" x1="4.90450120907934" y1="0.838494459997258" x2="3.81012877640754" y2="1.85651641360845" layer="94" curve="79.52696" width="0.1524"/><wire cap="round" x1="5.08194212297714" y1="7.65933497371016E-02" x2="4.90412159312222" y2="0.838683789637753" layer="94" curve="2.683002" width="0.1524"/><wire x1="5.08" y1="7.32740090825246E-14" x2="7.62" y2="8.71708039085205E-14" width="0.1524" layer="94"/><wire cap="round" x1="0.160869647012591" y1="0.835686120495971" x2="8.81272251266148E-03" y2="-6.24804316819648E-04" layer="94" curve="12.47546" width="0.1524"/><wire cap="round" x1="1.26990852880952" y1="1.85597126998469" x2="0.150645552335143" y2="0.838459735984588" layer="94" curve="78.62355" width="0.1524"/><wire cap="round" x1="2.36450120579728" y1="0.838494428025542" x2="1.27012877312548" y2="1.85651638163673" layer="94" curve="79.52696" width="0.1524"/><wire cap="round" x1="2.53556331240561" y1="-0.177885354456139" x2="2.35799865867502" y2="0.83677165558159" layer="94" curve="17.67289" width="0.1524"/><wire cap="round" x1="-2.37913022471952" y1="0.835686100537919" x2="-2.53118714921945" y2="-6.24824274872179E-04" layer="94" curve="12.47546" width="0.1524"/><wire cap="round" x1="-1.27009153439261" y1="1.85597127646014" x2="-2.38935453412885" y2="0.838459585207164" layer="94" curve="78.62356" width="0.1524"/><wire cap="round" x1="-0.17549876466415" y1="0.838494473537584" x2="-1.26987119733595" y2="1.85651642714878" layer="94" curve="79.52696" width="0.1524"/><wire cap="round" x1="-4.43666361586885E-03" y1="-0.177885358125391" x2="-0.182001317346461" y2="0.836771651912338" layer="94" curve="17.67289" width="0.1524"/><wire x1="-7.62" y1="1.31748834064638E-14" x2="-5.08" y2="1.3716316971113E-14" width="0.1524" layer="94"/><wire cap="round" x1="-4.91913036648931" y1="0.835686111441321" x2="-5.07118729098924" y2="-6.2481337147006E-04" layer="94" curve="12.47546" width="0.1524"/><wire cap="round" x1="-3.81009141933233" y1="1.85597124231149" x2="-4.9293543958067" y2="0.838459708311387" layer="94" curve="78.62355" width="0.1524"/><wire cap="round" x1="-2.71549867276639" y1="0.838494472482158" x2="-3.80987126078252" y2="1.85651643468738" layer="94" curve="79.52697" width="0.1524"/><wire cap="round" x1="-2.54443665882017" y1="-0.177885354014588" x2="-2.72200131255076" y2="0.836771656023141" layer="94" curve="17.67289" width="0.1524"/><wire cap="round" x1="-2.54499763137906" y1="2.51755460236626E-03" x2="-2.54499765572502" y2="-0.180317541662839" layer="94" curve="53.47319" width="0.1524"/><wire cap="round" x1="-4.99761237348031E-03" y1="2.51757271580121E-03" x2="-4.9976367194459E-03" y2="-0.180317523549404" layer="94" curve="53.47319" width="0.1524"/><wire cap="round" x1="2.53500243197289" y1="2.51757460827418E-03" x2="2.53500238936746" y2="-0.180317485409697" layer="94" curve="53.47318" width="0.1524"/><text size="2" x="0" y="5.715" layer="95" align="center">&gt;NAME</text><text size="2" x="0" y="3.175" layer="96" align="center">&gt;VALUE</text></symbol><symbol name="CRCW04026K04FKED@1"><pin name="1@1" x="7.62" y="0" rot="MR0" direction="pas" length="short" visible="off" swaplevel="0"/><pin name="2@2" x="-7.62" y="0" rot="MR180" direction="pas" length="short" visible="off" swaplevel="0"/><wire x1="7.62" y1="0" x2="5.08" y2="0" width="0.1524" layer="94"/><wire x1="5.08" y1="0" x2="3.81" y2="1.524" width="0.1524" layer="94"/><wire x1="3.81" y1="1.524" x2="1.905" y2="-1.524" width="0.1524" layer="94"/><wire x1="1.905" y1="-1.524" x2="0" y2="1.524" width="0.1524" layer="94"/><wire x1="0" y1="1.524" x2="-1.905" y2="-1.524" width="0.1524" layer="94"/><wire x1="-1.905" y1="-1.524" x2="-3.81" y2="1.524" width="0.1524" layer="94"/><wire x1="-3.81" y1="1.524" x2="-5.08" y2="0" width="0.1524" layer="94"/><wire x1="-5.08" y1="0" x2="-7.62" y2="0" width="0.1524" layer="94"/><text size="2" x="0" y="5.715" layer="95" align="center">&gt;NAME</text><text size="2" x="0" y="3.175" layer="96" align="center">&gt;VALUE</text></symbol><symbol name="CRCW040288K7FKED@1"><pin name="1@1" x="7.62" y="0" rot="MR0" direction="pas" length="short" visible="off" swaplevel="0"/><pin name="2@2" x="-7.62" y="0" rot="MR180" direction="pas" length="short" visible="off" swaplevel="0"/><wire x1="7.62" y1="0" x2="5.08" y2="0" width="0.1524" layer="94"/><wire x1="5.08" y1="0" x2="3.81" y2="1.524" width="0.1524" layer="94"/><wire x1="3.81" y1="1.524" x2="1.905" y2="-1.524" width="0.1524" layer="94"/><wire x1="1.905" y1="-1.524" x2="0" y2="1.524" width="0.1524" layer="94"/><wire x1="0" y1="1.524" x2="-1.905" y2="-1.524" width="0.1524" layer="94"/><wire x1="-1.905" y1="-1.524" x2="-3.81" y2="1.524" width="0.1524" layer="94"/><wire x1="-3.81" y1="1.524" x2="-5.08" y2="0" width="0.1524" layer="94"/><wire x1="-5.08" y1="0" x2="-7.62" y2="0" width="0.1524" layer="94"/><text size="2" x="0" y="5.715" layer="95" align="center">&gt;NAME</text><text size="2" x="0" y="3.175" layer="96" align="center">&gt;VALUE</text></symbol><symbol name="LMR16006YDDCR@1"><wire x1="-12.7" y1="-15.24" x2="15.24" y2="-15.24" width="0.1016" layer="94"/><wire x1="15.24" y1="-15.24" x2="15.24" y2="15.24" width="0.1016" layer="94"/><wire x1="15.24" y1="15.24" x2="-12.7" y2="15.24" width="0.1016" layer="94"/><wire x1="-12.7" y1="15.24" x2="-12.7" y2="-15.24" width="0.1016" layer="94"/><pin name="CB@1" x="20.32" y="10.16" rot="MR0" direction="out" length="middle" visible="both" swaplevel="0"/><pin name="VIN@2" x="-17.78" y="10.16" rot="MR180" direction="pwr" length="middle" visible="both" swaplevel="0"/><pin name="GND@3" x="-17.78" y="-10.16" rot="MR180" direction="pwr" length="middle" visible="both" swaplevel="0"/><pin name="SHDN_N@4" x="-17.78" y="0" rot="MR180" direction="in" length="middle" visible="both" swaplevel="0"/><pin name="FB@5" x="20.32" y="-10.16" rot="MR0" direction="in" length="middle" visible="both" swaplevel="0"/><pin name="SW@6" x="20.32" y="0" rot="MR0" direction="pwr" length="middle" visible="both" swaplevel="0"/><text size="2" x="0" y="2.54" layer="95" align="center">&gt;NAME</text><text size="2" x="0" y="0" layer="96" align="center">&gt;VALUE</text><text size="2" x="0" y="0" layer="96" align="center">&gt;VALUE</text></symbol><symbol name="WB_BATTERY@1"><pin name="+@1" x="-7.62" y="0" rot="MR180" direction="pas" length="short" visible="off" swaplevel="0"/><pin name="-@2" x="7.62" y="0" rot="MR0" direction="pas" length="short" visible="off" swaplevel="0"/><wire x1="-2.032" y1="0" x2="-7.62" y2="0" width="0.1524" layer="94"/><wire x1="-1.778" y1="-3.048" x2="-1.778" y2="3.048" width="0.1524" layer="94"/><wire x1="1.016" y1="-3.048" x2="1.016" y2="3.048" width="0.1524" layer="94"/><wire x1="7.62" y1="0" x2="2.794" y2="0" width="0.1524" layer="94"/><wire x1="-0.508" y1="-1.27" x2="-0.508" y2="1.27" width="0.1524" layer="94"/><wire x1="-0.254" y1="-1.27" x2="-0.254" y2="1.27" width="0.1524" layer="94"/><wire x1="-3.556" y1="2.286" x2="-3.556" y2="3.81" width="0.1524" layer="94"/><wire x1="-2.794" y1="3.048" x2="-4.318" y2="3.048" width="0.1524" layer="94"/><wire x1="3.302" y1="2.54" x2="3.302" y2="3.81" width="0.1524" layer="94"/><wire x1="2.54" y1="-1.27" x2="2.54" y2="1.27" width="0.1524" layer="94"/><wire x1="2.286" y1="-1.27" x2="2.286" y2="1.27" width="0.1524" layer="94"/><text size="2" x="0" y="5.08" layer="95" align="center">&gt;NAME</text></symbol><symbol name="WB_CURRENT_LOAD@1"><pin name="+@1" x="-7.62" y="0" rot="MR180" direction="pas" length="short" visible="off" swaplevel="0"/><pin name="-@2" x="7.62" y="0" rot="MR0" direction="pas" length="short" visible="off" swaplevel="0"/><wire cap="round" x1="-3.80144541893069" y1="6.11111003035226E-05" x2="-2.68631595182662" y2="-2.68638598005626" layer="94" curve="44.25835" width="0.1524"/><wire cap="round" x1="-2.7008340002096" y1="-2.70084492188432" x2="-3.010245531766E-05" y2="-3.82193519093877" layer="94" curve="44.8182" width="0.1524"/><wire cap="round" x1="-1.47901228405671E-05" y1="-3.81607473385618" x2="2.69671339012067" y2="-2.69667753776659" layer="94" curve="45.38076" width="0.1524"/><wire cap="round" x1="2.69020543466835" y1="-2.69018253944063" x2="3.80688023502889" y2="-1.58895406142942E-05" layer="94" curve="45.58721" width="0.1524"/><wire cap="round" x1="3.80144542387741" y1="-6.17958751984642E-05" x2="2.68631643327033" y2="2.68638549307261" layer="94" curve="44.25835" width="0.1524"/><wire cap="round" x1="2.70083237377049" y1="2.70084654561062" x2="2.78042467919214E-05" y2="3.82193519631281" layer="94" curve="44.8182" width="0.1524"/><wire cap="round" x1="1.57980194586995E-05" y1="3.81607473126472" x2="-2.69671268033746" y2="2.69667825335733" layer="94" curve="45.38076" width="0.1524"/><wire cap="round" x1="-2.69020543466835" y1="2.69018253944063" x2="-3.80688023502889" y2="1.58895406171733E-05" layer="94" curve="45.58721" width="0.1524"/><wire x1="7.62" y1="0" x2="3.81" y2="0" width="0.1524" layer="94"/><wire x1="-3.81" y1="0" x2="-7.62" y2="0" width="0.1524" layer="94"/><wire x1="0.762" y1="-1.778" x2="3.048" y2="0" width="0.1524" layer="94"/><wire x1="0.762" y1="1.778" x2="3.048" y2="0" width="0.1524" layer="94"/><wire x1="3.048" y1="0" x2="-3.048" y2="0" width="0.1524" layer="94"/></symbol></symbols><devicesets><deviceset name="GRM188R72A104KA35D" prefix=""><gates><gate name="1" addlevel="always" y="0" x="0" symbol="GRM188R72A104KA35D@1"/></gates><devices><device name="GRM188R72A104KA35D" package="0603"><connects><connect pad="1" pin="1@1" gate="1"/><connect pad="2" pin="2@2" gate="1"/></connects><technologies><technology name=""><attribute name="Cap" value="1.0E-7" constant="no"/><attribute name="ESR" value="0.0" constant="no"/><attribute name="IRMS" value="0.0" constant="no"/><attribute name="VDC" value="100.0" constant="no"/><attribute name="Manufacturer_Part_Number" value="GRM188R72A104KA35D" constant="no"/><attribute name="Vendor" value="MuRata" constant="no"/><attribute name="Manufacturer_Name" value="MuRata" constant="no"/></technology></technologies></device></devices></deviceset><deviceset name="C3225X7R2A225K230AB" prefix=""><gates><gate name="1" addlevel="always" y="0" x="0" symbol="C3225X7R2A225K230AB@1"/></gates><devices><device name="C3225X7R2A225K230AB" package="1210"><connects><connect pad="1" pin="1@1" gate="1"/><connect pad="2" pin="2@2" gate="1"/></connects><technologies><technology name=""><attribute name="Datasheet_URL" value="http://product.tdk.com/capacitor/mlcc/en/documents/mlcc%5Fcommercial%5Fmidvoltage%5Fen.pdf" constant="no"/><attribute name="Cap" value="2.2E-6" constant="no"/><attribute name="ESR" value="0.0028" constant="no"/><attribute name="IRMS" value="9.824718" constant="no"/><attribute name="VDC" value="100.0" constant="no"/><attribute name="Manufacturer_Part_Number" value="C3225X7R2A225K230AB" constant="no"/><attribute name="Vendor" value="TDK" constant="no"/><attribute name="Manufacturer_Name" value="TDK" constant="no"/></technology></technologies></device></devices></deviceset><deviceset name="GRM21BR61E475MA12L" prefix=""><gates><gate name="1" addlevel="always" y="0" x="0" symbol="GRM21BR61E475MA12L@1"/></gates><devices><device name="GRM21BR61E475MA12L" package="0805"><connects><connect pad="1" pin="1@1" gate="1"/><connect pad="2" pin="2@2" gate="1"/></connects><technologies><technology name=""><attribute name="Datasheet_URL" value="http://www.murata.com/products/catalog/pdf/c02e.pdf" constant="no"/><attribute name="Cap" value="4.7E-6" constant="no"/><attribute name="ESR" value="0.0020" constant="no"/><attribute name="IRMS" value="7.29" constant="no"/><attribute name="VDC" value="25.0" constant="no"/><attribute name="Manufacturer_Part_Number" value="GRM21BR61E475MA12L" constant="no"/><attribute name="Vendor" value="MuRata" constant="no"/><attribute name="Manufacturer_Name" value="MuRata" constant="no"/></technology></technologies></device></devices></deviceset><deviceset name="DFLS1100-7" prefix=""><gates><gate name="1" addlevel="always" y="0" x="0" symbol="DFLS1100-7@1"/></gates><devices><device name="DFLS1100-7" package="PowerDI123"><connects><connect pad="2" pin="A@1" gate="1"/><connect pad="1" pin="K@2" gate="1"/></connects><technologies><technology name=""><attribute name="Datasheet_URL" value="http://www.diodes.com/datasheets/ds30497.pdf" constant="no"/><attribute name="Io" value="1.0" constant="no"/><attribute name="VRRM" value="100.0" constant="no"/><attribute name="VFatIo" value="0.77" constant="no"/><attribute name="Manufacturer_Part_Number" value="DFLS1100-7" constant="no"/><attribute name="Vendor" value="Diodes Inc." constant="no"/><attribute name="Manufacturer_Name" value="Diodes Inc." constant="no"/></technology></technologies></device></devices></deviceset><deviceset name="WB_GND" prefix=""><gates><gate name="1" addlevel="always" y="0" x="0" symbol="WB_GND@1"/></gates><devices><device name="WB_GND" package="WB_GND"><connects><connect pad="1" pin="1@1" gate="1"/></connects><technologies><technology name=""><attribute name="Value" value="Value" constant="no"/><attribute name="Manufacturer_Part_Number" value="WB_GND" constant="no"/><attribute name="Manufacturer_Name" value="WB_GND" constant="no"/><attribute name="PowerPortType" value="POWER_GROUND" constant="no"/></technology></technologies></device></devices></deviceset><deviceset name="ME3220-823KLB" prefix=""><gates><gate name="1" addlevel="always" y="0" x="0" symbol="ME3220-823KLB@1"/></gates><devices><device name="ME3220-823KLB" package="ME3220"><connects><connect pad="1" pin="1@1" gate="1"/><connect pad="2" pin="2@2" gate="1"/></connects><technologies><technology name=""><attribute name="L" value="8.2E-5" constant="no"/><attribute name="DCR" value="3.0" constant="no"/><attribute name="IDC" value="0.34" constant="no"/><attribute name="Manufacturer_Part_Number" value="ME3220-823KLB" constant="no"/><attribute name="Vendor" value="Coilcraft" constant="no"/><attribute name="Manufacturer_Name" value="Coilcraft" constant="no"/></technology></technologies></device></devices></deviceset><deviceset name="CRCW04026K04FKED" prefix=""><gates><gate name="1" addlevel="always" y="0" x="0" symbol="CRCW04026K04FKED@1"/></gates><devices><device name="CRCW04026K04FKED" package="0402"><connects><connect pad="1" pin="1@1" gate="1"/><connect pad="2" pin="2@2" gate="1"/></connects><technologies><technology name=""><attribute name="Resistance" value="6040.0" constant="no"/><attribute name="Power" value="0.063" constant="no"/><attribute name="Tolerance" value="1.0" constant="no"/><attribute name="Manufacturer_Part_Number" value="CRCW04026K04FKED" constant="no"/><attribute name="Vendor" value="Vishay-Dale" constant="no"/><attribute name="Manufacturer_Name" value="Vishay-Dale" constant="no"/></technology></technologies></device></devices></deviceset><deviceset name="CRCW040288K7FKED" prefix=""><gates><gate name="1" addlevel="always" y="0" x="0" symbol="CRCW040288K7FKED@1"/></gates><devices><device name="CRCW040288K7FKED" package="0402"><connects><connect pad="1" pin="1@1" gate="1"/><connect pad="2" pin="2@2" gate="1"/></connects><technologies><technology name=""><attribute name="Resistance" value="88700.0" constant="no"/><attribute name="Power" value="0.063" constant="no"/><attribute name="Tolerance" value="1.0" constant="no"/><attribute name="Manufacturer_Part_Number" value="CRCW040288K7FKED" constant="no"/><attribute name="Vendor" value="Vishay-Dale" constant="no"/><attribute name="Manufacturer_Name" value="Vishay-Dale" constant="no"/></technology></technologies></device></devices></deviceset><deviceset name="LMR16006YDDCR" prefix="U"><gates><gate name="1" addlevel="always" y="0" x="0" symbol="LMR16006YDDCR@1"/></gates><devices><device name="LMR16006YDDCR" package="DDC0006A"><connects><connect pad="1" pin="CB@1" gate="1"/><connect pad="5" pin="VIN@2" gate="1"/><connect pad="2" pin="GND@3" gate="1"/><connect pad="4" pin="SHDN_N@4" gate="1"/><connect pad="3" pin="FB@5" gate="1"/><connect pad="6" pin="SW@6" gate="1"/></connects><technologies><technology name=""><attribute name="PartNumber" value="LMR16006YDDC" constant="no"/><attribute name="PackageReference" value="DDC0006A" constant="no"/><attribute name="MountType" value="SMT" constant="no"/><attribute name="CompType" value="IC" constant="no"/><attribute name="RoHS" value="Y" constant="no"/><attribute name="Manufacturer" value="Texas Instruments" constant="no"/><attribute name="RefDes" value="RefDes" constant="no"/><attribute name="TYPE" value="TYPE" constant="no"/><attribute name="Value" value="Value" constant="no"/><attribute name="PIN_COUNT" value="6" constant="no"/><attribute name="Manufacturer_Part_Number" value="LMR16006YDDCR" constant="no"/><attribute name="Manufacturer_Name" value="Texas Instruments" constant="no"/></technology></technologies></device></devices></deviceset><deviceset name="WB_BATTERY" prefix=""><gates><gate name="1" addlevel="always" y="0" x="0" symbol="WB_BATTERY@1"/></gates><devices><device name="WB_BATTERY" package="WB_BATTERY"><connects><connect pad="1" pin="+@1" gate="1"/><connect pad="2" pin="-@2" gate="1"/></connects><technologies><technology name=""><attribute name="Value" value="Value" constant="no"/><attribute name="Manufacturer_Part_Number" value="WB_BATTERY" constant="no"/><attribute name="Manufacturer_Name" value="WB_BATTERY" constant="no"/><attribute name="PowerPortType" value="POWER_GROUND" constant="no"/></technology></technologies></device></devices></deviceset><deviceset name="WB_CURRENT_LOAD" prefix=""><gates><gate name="1" addlevel="always" y="0" x="0" symbol="WB_CURRENT_LOAD@1"/></gates><devices><device name="WB_CURRENT_LOAD" package="WB_CURRENT_LOAD"><connects><connect pad="1" pin="+@1" gate="1"/><connect pad="2" pin="-@2" gate="1"/></connects><technologies><technology name=""><attribute name="Value" value="Value" constant="no"/><attribute name="Manufacturer_Part_Number" value="WB_CURRENT_LOAD" constant="no"/><attribute name="Manufacturer_Name" value="WB_CURRENT_LOAD" constant="no"/><attribute name="PowerPortType" value="POWER_GROUND" constant="no"/></technology></technologies></device></devices></deviceset></devicesets></library></libraries><attributes/><variantdefs/><classes><class number="0" name="default" width="0" drill="0"/></classes><parts><part name="CBOOT" library="AcceleratedDesigns_Lib" device="GRM188R72A104KA35D" deviceset="GRM188R72A104KA35D" value="100nF"/><part name="CIN" library="AcceleratedDesigns_Lib" device="C3225X7R2A225K230AB" deviceset="C3225X7R2A225K230AB" value="2.2uF"/><part name="COUT" library="AcceleratedDesigns_Lib" device="GRM21BR61E475MA12L" deviceset="GRM21BR61E475MA12L" value="4.7uF"/><part name="D1" library="AcceleratedDesigns_Lib" device="DFLS1100-7" deviceset="DFLS1100-7" value="770mV"/><part name="GND" library="AcceleratedDesigns_Lib" device="WB_GND" deviceset="WB_GND" value="WB_GND"/><part name="L1" library="AcceleratedDesigns_Lib" device="ME3220-823KLB" deviceset="ME3220-823KLB" value="82uH"/><part name="RFBB" library="AcceleratedDesigns_Lib" device="CRCW04026K04FKED" deviceset="CRCW04026K04FKED" value="6.04k"/><part name="RFBT" library="AcceleratedDesigns_Lib" device="CRCW040288K7FKED" deviceset="CRCW040288K7FKED" value="88.7k"/><part name="U1" library="AcceleratedDesigns_Lib" device="LMR16006YDDCR" deviceset="LMR16006YDDCR" value="LMR16006YDDCR"/><part name="VIN" library="AcceleratedDesigns_Lib" device="WB_BATTERY" deviceset="WB_BATTERY" value="WB_BATTERY"/><part name="IOUT" library="AcceleratedDesigns_Lib" device="WB_CURRENT_LOAD" deviceset="WB_CURRENT_LOAD" value="WB_CURRENT_LOAD"/></parts><sheets><sheet><plain/><instances><instance part="Cboot" gate="1" x="140.97" y="96.52" rot="R0" smashed="yes"><attribute name="NAME" x="140.97" y="102.616" size="2" layer="95" rot="R0" align="bottom-center"/><attribute name="VALUE" x="140.97" y="89.662" size="2" layer="96" rot="R0" align="bottom-center"/></instance><instance part="Cin" gate="1" x="54.61" y="64.77" rot="R90" smashed="yes"><attribute name="NAME" x="57.658" y="69.088" size="2" layer="95" rot="R0" align="bottom-left"/><attribute name="VALUE" x="57.658" y="64.516" size="2" layer="96" rot="R0" align="bottom-left"/></instance><instance part="Cout" gate="1" x="229.87" y="48.26" rot="R90" smashed="yes"><attribute name="NAME" x="232.918" y="52.578" size="2" layer="95" rot="R0" align="bottom-left"/><attribute name="VALUE" x="232.918" y="48.006" size="2" layer="96" rot="R0" align="bottom-left"/></instance><instance part="D1" gate="1" x="151.13" y="73.66" rot="R270" smashed="yes"><attribute name="NAME" x="153.67" y="77.47" size="2" layer="95" rot="R0" align="bottom-left"/><attribute name="VALUE" x="153.67" y="72.898" size="2" layer="96" rot="R0" align="bottom-left"/></instance><instance part="GND" gate="1" x="120.65" y="27.94" rot="R0" smashed="yes"><attribute name="NAME" x="120.65" y="33.528" size="2" layer="95" display="off" rot="R0" align="bottom-center"/></instance><instance part="L1" gate="1" x="173.99" y="86.36" rot="R0" smashed="yes"><attribute name="NAME" x="173.99" y="90.678" size="2" layer="95" rot="R0" align="bottom-center"/><attribute name="VALUE" x="173.99" y="81.28" size="2" layer="96" rot="R0" align="bottom-center"/></instance><instance part="Rfbb" gate="1" x="204.47" y="48.26" rot="R90" smashed="yes"><attribute name="NAME" x="205.994" y="51.054" size="2" layer="95" rot="R0" align="bottom-left"/><attribute name="VALUE" x="205.994" y="46.482" size="2" layer="96" rot="R0" align="bottom-left"/></instance><instance part="Rfbt" gate="1" x="204.47" y="73.66" rot="R90" smashed="yes"><attribute name="NAME" x="205.994" y="76.454" size="2" layer="95" rot="R0" align="bottom-left"/><attribute name="VALUE" x="205.994" y="71.882" size="2" layer="96" rot="R0" align="bottom-left"/></instance><instance part="U1" gate="1" x="92.71" y="86.36" rot="R0" smashed="yes"><attribute name="NAME" x="92.71" y="86.36" size="2" layer="95" rot="R0" align="bottom-center"/><attribute name="TYPE" x="92.71" y="82.55" size="2" layer="96" rot="R0" align="bottom-center"/></instance><instance part="Vin" gate="1" x="29.21" y="66.04" rot="R270" smashed="yes"><attribute name="NAME" x="33.02" y="71.12" size="2" layer="95" rot="R0" align="bottom-left"/></instance><instance part="Iout" gate="1" x="260.35" y="50.8" rot="R270" smashed="yes"><attribute name="NAME" x="264.414" y="56.134" size="2" layer="95" rot="R0" align="bottom-left"/></instance></instances><busses/><nets><net name="3" class="0"><segment><pinref part="Cboot" pin="1@1" gate="1"/><pinref part="D1" pin="K@2" gate="1"/><pinref part="L1" pin="1@1" gate="1"/><pinref part="U1" pin="SW@6" gate="1"/><wire x1="148.59" y1="96.52" x2="158.75" y2="96.52" width="0" layer="91"/><wire x1="151.13" y1="81.28" x2="151.13" y2="86.36" width="0" layer="91"/><wire x1="158.75" y1="96.52" x2="158.75" y2="86.36" width="0" layer="91"/><wire x1="113.03" y1="86.36" x2="166.37" y2="86.36" width="0" layer="91"/></segment></net><net name="5" class="0"><segment><pinref part="Cboot" pin="2@2" gate="1"/><pinref part="U1" pin="CB@1" gate="1"/><wire x1="113.03" y1="96.52" x2="133.35" y2="96.52" width="0" layer="91"/></segment></net><net name="1" class="0"><segment><pinref part="Cin" pin="1@1" gate="1"/><pinref part="U1" pin="VIN@2" gate="1"/><pinref part="Vin" pin="+@1" gate="1"/><wire x1="46.99" y1="96.52" x2="46.99" y2="86.36" width="0" layer="91"/><wire x1="46.99" y1="96.52" x2="74.93" y2="96.52" width="0" layer="91"/><wire x1="54.61" y1="72.39" x2="54.61" y2="96.52" width="0" layer="91"/><wire x1="29.21" y1="86.36" x2="46.99" y2="86.36" width="0" layer="91"/><wire x1="29.21" y1="73.66" x2="29.21" y2="86.36" width="0" layer="91"/></segment></net><net name="0" class="0"><segment><pinref part="Cin" pin="2@2" gate="1"/><pinref part="Cout" pin="2@2" gate="1"/><pinref part="D1" pin="A@1" gate="1"/><pinref part="GND" pin="1@1" gate="1"/><pinref part="Rfbb" pin="2@2" gate="1"/><pinref part="U1" pin="GND@3" gate="1"/><pinref part="Vin" pin="-@2" gate="1"/><pinref part="Iout" pin="-@2" gate="1"/><wire x1="54.61" y1="57.15" x2="54.61" y2="30.48" width="0" layer="91"/><wire x1="74.93" y1="76.2" x2="74.93" y2="30.48" width="0" layer="91"/><wire x1="204.47" y1="40.64" x2="204.47" y2="30.48" width="0" layer="91"/><wire x1="229.87" y1="40.64" x2="229.87" y2="30.48" width="0" layer="91"/><wire x1="151.13" y1="30.48" x2="151.13" y2="66.04" width="0" layer="91"/><wire x1="29.21" y1="30.48" x2="260.35" y2="30.48" width="0" layer="91"/><wire x1="29.21" y1="30.48" x2="29.21" y2="58.42" width="0" layer="91"/><wire x1="260.35" y1="30.48" x2="260.35" y2="43.18" width="0" layer="91"/></segment></net><net name="4" class="0"><segment><pinref part="Cout" pin="1@1" gate="1"/><pinref part="L1" pin="2@2" gate="1"/><pinref part="Rfbt" pin="1@1" gate="1"/><pinref part="Iout" pin="+@1" gate="1"/><wire x1="204.47" y1="86.36" x2="204.47" y2="81.28" width="0" layer="91"/><wire x1="229.87" y1="55.88" x2="229.87" y2="86.36" width="0" layer="91"/><wire x1="181.61" y1="86.36" x2="260.35" y2="86.36" width="0" layer="91"/><wire x1="260.35" y1="58.42" x2="260.35" y2="86.36" width="0" layer="91"/></segment></net><net name="2" class="0"><segment><pinref part="Rfbb" pin="1@1" gate="1"/><pinref part="Rfbt" pin="2@2" gate="1"/><pinref part="U1" pin="FB@5" gate="1"/><wire x1="113.03" y1="60.96" x2="204.47" y2="60.96" width="0" layer="91"/><wire x1="113.03" y1="76.2" x2="113.03" y2="60.96" width="0" layer="91"/><wire x1="204.47" y1="66.04" x2="204.47" y2="55.88" width="0" layer="91"/></segment></net></nets></sheet></sheets></schematic></drawing></eagle>
